{
  "metadata": {
    "evaluation_date": "2025-10-14T21:32:15.142824",
    "test_pairs": 889,
    "configs_tested": [
      "basic",
      "enhanced",
      "full"
    ],
    "system_type": "RecommendationSystem"
  },
  "similarity": {
    "basic": {
      "MRR": 0.9379562043795621,
      "Hit@1": 0.8231292517006803,
      "Hit@3": 0.9251700680272109,
      "Hit@5": 0.9319727891156463,
      "avg_rank": 1.1423357664233578,
      "found_count": 274,
      "total_queries": 294,
      "found_ratio": 0.9319727891156463
    },
    "enhanced": {
      "MRR": 0.9379562043795621,
      "Hit@1": 0.8231292517006803,
      "Hit@3": 0.9251700680272109,
      "Hit@5": 0.9319727891156463,
      "avg_rank": 1.1423357664233578,
      "found_count": 274,
      "total_queries": 294,
      "found_ratio": 0.9319727891156463
    },
    "full": {
      "MRR": 0.9373456790123457,
      "Hit@1": 0.8129251700680272,
      "Hit@3": 0.9149659863945578,
      "Hit@5": 0.9183673469387755,
      "avg_rank": 1.1481481481481481,
      "found_count": 270,
      "total_queries": 294,
      "found_ratio": 0.9183673469387755
    }
  },
  "config_comparison": {
    "best_mrr": "basic",
    "best_hit3": "basic",
    "mrr_scores": {
      "basic": 0.9379562043795621,
      "enhanced": 0.9379562043795621,
      "full": 0.9373456790123457
    },
    "hit3_scores": {
      "basic": 0.9251700680272109,
      "enhanced": 0.9251700680272109,
      "full": 0.9149659863945578
    },
    "mrr_ranking": [
      [
        "basic",
        {
          "MRR": 0.9379562043795621,
          "Hit@1": 0.8231292517006803,
          "Hit@3": 0.9251700680272109,
          "Hit@5": 0.9319727891156463,
          "avg_rank": 1.1423357664233578,
          "found_count": 274,
          "total_queries": 294,
          "found_ratio": 0.9319727891156463
        }
      ],
      [
        "enhanced",
        {
          "MRR": 0.9379562043795621,
          "Hit@1": 0.8231292517006803,
          "Hit@3": 0.9251700680272109,
          "Hit@5": 0.9319727891156463,
          "avg_rank": 1.1423357664233578,
          "found_count": 274,
          "total_queries": 294,
          "found_ratio": 0.9319727891156463
        }
      ],
      [
        "full",
        {
          "MRR": 0.9373456790123457,
          "Hit@1": 0.8129251700680272,
          "Hit@3": 0.9149659863945578,
          "Hit@5": 0.9183673469387755,
          "avg_rank": 1.1481481481481481,
          "found_count": 270,
          "total_queries": 294,
          "found_ratio": 0.9183673469387755
        }
      ]
    ],
    "hit3_ranking": [
      [
        "basic",
        {
          "MRR": 0.9379562043795621,
          "Hit@1": 0.8231292517006803,
          "Hit@3": 0.9251700680272109,
          "Hit@5": 0.9319727891156463,
          "avg_rank": 1.1423357664233578,
          "found_count": 274,
          "total_queries": 294,
          "found_ratio": 0.9319727891156463
        }
      ],
      [
        "enhanced",
        {
          "MRR": 0.9379562043795621,
          "Hit@1": 0.8231292517006803,
          "Hit@3": 0.9251700680272109,
          "Hit@5": 0.9319727891156463,
          "avg_rank": 1.1423357664233578,
          "found_count": 274,
          "total_queries": 294,
          "found_ratio": 0.9319727891156463
        }
      ],
      [
        "full",
        {
          "MRR": 0.9373456790123457,
          "Hit@1": 0.8129251700680272,
          "Hit@3": 0.9149659863945578,
          "Hit@5": 0.9183673469387755,
          "avg_rank": 1.1481481481481481,
          "found_count": 270,
          "total_queries": 294,
          "found_ratio": 0.9183673469387755
        }
      ]
    ]
  }
}